Series Name,"Series Code","Country Name","Country Code","1990 [YR1990]","2000 [YR2000]","2013 [YR2013]","2014 [YR2014]","2015 [YR2015]","2016 [YR2016]","2017 [YR2017]","2018 [YR2018]","2019 [YR2019]","2020 [YR2020]","2021 [YR2021]","2022 [YR2022]"
"Mortality rate, adult, male (per 1,000 male adults)","SP.DYN.AMRT.MA","Afghanistan","AFG","510.052","355.447","271.596","274.007","278.424","274.045","311.655","319.849","305.768","318.587","342.158","#N/A"
"Mortality rate, adult, male (per 1,000 male adults)","SP.DYN.AMRT.MA","Albania","ALB","127.21","110.606","93.142","89.576","86.126","82.916","79.586","76.657","74.029","114.508","122.111","#N/A"
"Mortality rate, adult, male (per 1,000 male adults)","SP.DYN.AMRT.MA","Algeria","DZA","198.029","159.175","111.636","107.89","101.649","99.763","100.076","97.97","95.854","114.976","95.798","#N/A"
"Mortality rate, adult, male (per 1,000 male adults)","SP.DYN.AMRT.MA","American Samoa","ASM","#N/A","#N/A","#N/A","#N/A","#N/A","#N/A","#N/A","#N/A","#N/A","#N/A","#N/A","#N/A"
"Mortality rate, adult, male (per 1,000 male adults)","SP.DYN.AMRT.MA","Andorra","AND","#N/A","#N/A","#N/A","#N/A","#N/A","#N/A","#N/A","#N/A","#N/A","#N/A","#N/A","#N/A"
"Mortality rate, adult, male (per 1,000 male adults)","SP.DYN.AMRT.MA","Angola","AGO","559.379","469.15","332.765","326.818","321.296","316.08","308.611","308.888","305.594","313.481","331.364","#N/A"
"Mortality rate, adult, male (per 1,000 male adults)","SP.DYN.AMRT.MA","Antigua and Barbuda","ATG","169.417","160.223","128.908","125.117","121.164","117.334","114.053","110.404","106.9","104.003","100.408","#N/A"
"Mortality rate, adult, male (per 1,000 male adults)","SP.DYN.AMRT.MA","Argentina","ARG","197.946","176.243","147.396","142.238","143.506","147.558","140.418","138.893","136.151","147.707","147.702","#N/A"
"Mortality rate, adult, male (per 1,000 male adults)","SP.DYN.AMRT.MA","Armenia","ARM","224.303","220.374","194.234","191.787","186.538","185.84","182.583","182.054","176.089","249.284","260.344","#N/A"
"Mortality rate, adult, male (per 1,000 male adults)","SP.DYN.AMRT.MA","Aruba","ABW","179.24","169.694","138.647","136.992","135.037","134.258","130.629","127.002","124.312","124.099","140.466","#N/A"
"Mortality rate, adult, male (per 1,000 male adults)","SP.DYN.AMRT.MA","Australia","AUS","123.906","97.967","75.516","76.934","78.367","76.101","77.31","74.055","75.193","73.018","#N/A","#N/A"
"Mortality rate, adult, male (per 1,000 male adults)","SP.DYN.AMRT.MA","Austria","AUT","155.102","126.568","89.369","85.621","84.688","80.37","79.032","79.401","75.489","#N/A","#N/A","#N/A"
"Mortality rate, adult, male (per 1,000 male adults)","SP.DYN.AMRT.MA","Azerbaijan","AZE","314.24","279.173","198.338","196.675","194.524","191.442","185.275","174.7","168.65","319.122","263.766","#N/A"
"Mortality rate, adult, male (per 1,000 male adults)","SP.DYN.AMRT.MA","Bahamas, The","BHS","259.214","238.701","235.541","230.208","231.769","228.659","228.923","226.164","234.53","236.261","252.293","#N/A"
"Mortality rate, adult, male (per 1,000 male adults)","SP.DYN.AMRT.MA","Bahrain","BHR","129.677","114.508","66.609","66.019","64.528","63.291","61.813","59.62","58.199","59.491","61.659","#N/A"
"Mortality rate, adult, male (per 1,000 male adults)","SP.DYN.AMRT.MA","Bangladesh","BGD","248.913","180.505","193.102","183.411","176.354","169.798","161.494","149.093","153.103","156.333","163.031","#N/A"
"Mortality rate, adult, male (per 1,000 male adults)","SP.DYN.AMRT.MA","Barbados","BRB","175.302","170.064","133.051","131.902","130.876","129.608","128.78","127.555","126.348","125.431","123.948","#N/A"
"Mortality rate, adult, male (per 1,000 male adults)","SP.DYN.AMRT.MA","Belarus","BLR","281.951","354.094","273.671","261.217","245.384","234.903","227.765","231.323","#N/A","#N/A","#N/A","#N/A"
"Mortality rate, adult, male (per 1,000 male adults)","SP.DYN.AMRT.MA","Belgium","BEL","138.666","130.497","94.41","91.495","89.437","86.252","82.997","80.464","77.72","82.326","80.681","#N/A"
"Mortality rate, adult, male (per 1,000 male adults)","SP.DYN.AMRT.MA","Belize","BLZ","179.999","249.238","194.17","203.784","208.195","204.54","201.648","199.067","194.636","239.508","277.53","#N/A"
"Mortality rate, adult, male (per 1,000 male adults)","SP.DYN.AMRT.MA","Benin","BEN","342.23","306.59","291.195","288.604","289.617","287.304","286.886","282.252","282.721","288.981","302.469","#N/A"
"Mortality rate, adult, male (per 1,000 male adults)","SP.DYN.AMRT.MA","Bermuda","BMU","186.811","124.81","117.581","109.544","104.001","107.884","105.956","101.461","98.475","97.284","130.443","#N/A"
"Mortality rate, adult, male (per 1,000 male adults)","SP.DYN.AMRT.MA","Bhutan","BTN","332.247","264.597","178.033","173.848","169.981","166.636","163.744","160.834","158.172","155.847","153.312","#N/A"
"Mortality rate, adult, male (per 1,000 male adults)","SP.DYN.AMRT.MA","Bolivia","BOL","299.363","262.85","238.837","237.511","235.818","231.146","231.098","231.694","231.108","316.665","334.831","#N/A"
"Mortality rate, adult, male (per 1,000 male adults)","SP.DYN.AMRT.MA","Bosnia and Herzegovina","BIH","197.184","166.773","117.11","118.933","109.237","100.543","97.011","92.691","88.494","97.159","108.895","#N/A"
"Mortality rate, adult, male (per 1,000 male adults)","SP.DYN.AMRT.MA","Botswana","BWA","448.144","602.93","389.904","375.821","336.805","297.446","269.544","288.806","302.053","292.178","399.51","#N/A"
"Mortality rate, adult, male (per 1,000 male adults)","SP.DYN.AMRT.MA","Brazil","BRA","244.86","230.417","184.185","177.824","178.498","178.499","170.492","165.432","161.413","189.684","217.709","#N/A"
"Mortality rate, adult, male (per 1,000 male adults)","SP.DYN.AMRT.MA","British Virgin Islands","VGB","113.837","124.751","111.073","111.53","111.941","112.337","117.132","112.802","113.112","113.069","129.482","#N/A"
"Mortality rate, adult, male (per 1,000 male adults)","SP.DYN.AMRT.MA","Brunei Darussalam","BRN","191.778","158.94","145.907","145.708","145.427","144.963","144.372","143.807","142.554","141.401","140.073","#N/A"
"Mortality rate, adult, male (per 1,000 male adults)","SP.DYN.AMRT.MA","Bulgaria","BGR","219.412","225.005","184.811","190.232","185.528","187.257","183.956","183.928","182.115","206.104","234.351","#N/A"
"Mortality rate, adult, male (per 1,000 male adults)","SP.DYN.AMRT.MA","Burkina Faso","BFA","356.84","366.688","310.402","306.192","301.792","297.436","298.461","292.891","299.581","311.696","324.48","#N/A"
"Mortality rate, adult, male (per 1,000 male adults)","SP.DYN.AMRT.MA","Burundi","BDI","508.475","482.131","322.204","316.675","324.309","311.654","302.935","304.925","298.476","316.134","314.266","#N/A"
"Mortality rate, adult, male (per 1,000 male adults)","SP.DYN.AMRT.MA","Cabo Verde","CPV","262.138","265.237","185.747","185.294","196.447","181.065","169.145","181.839","179.193","192.178","203.608","#N/A"
"Mortality rate, adult, male (per 1,000 male adults)","SP.DYN.AMRT.MA","Cambodia","KHM","372.735","305.293","211.913","204.043","203.957","204.574","197.252","198.608","197.16","200.73","218.555","#N/A"
"Mortality rate, adult, male (per 1,000 male adults)","SP.DYN.AMRT.MA","Cameroon","CMR","345.614","395.686","339.178","338.369","329.934","319.044","311.281","314.242","305.191","329.202","340.068","#N/A"
"Mortality rate, adult, male (per 1,000 male adults)","SP.DYN.AMRT.MA","Canada","CAN","127.319","100.915","81.208","81.436","81.203","82.791","85.803","85.987","82.604","93.763","#N/A","#N/A"
"Mortality rate, adult, male (per 1,000 male adults)","SP.DYN.AMRT.MA","Cayman Islands","CYM","#N/A","#N/A","#N/A","#N/A","#N/A","#N/A","#N/A","#N/A","#N/A","#N/A","#N/A","#N/A"
"Mortality rate, adult, male (per 1,000 male adults)","SP.DYN.AMRT.MA","Central African Republic","CAF","424.99","555.894","484.375","501.312","450.392","447.193","454.778","441.58","431.28","448.54","472.339","#N/A"
"Mortality rate, adult, male (per 1,000 male adults)","SP.DYN.AMRT.MA","Chad","TCD","499.509","417.052","409.912","406.878","405.939","394.835","399.137","394.251","393.335","408.621","423.49","#N/A"
"Mortality rate, adult, male (per 1,000 male adults)","SP.DYN.AMRT.MA","Channel Islands","CHI","102.488","79.633","59.85","57.618","60.164","60.79","60.939","60.678","60.298","61.081","61.255","#N/A"
"Mortality rate, adult, male (per 1,000 male adults)","SP.DYN.AMRT.MA","Chile","CHL","193.695","139.528","112.222","110.522","109.658","105.435","102.154","107.645","105.851","112.595","126.526","#N/A"
"Mortality rate, adult, male (per 1,000 male adults)","SP.DYN.AMRT.MA","China","CHN","191.003","148.697","122.306","120.329","118.37","116.757","118.758","112.641","110.228","109.413","106.869","#N/A"
"Mortality rate, adult, male (per 1,000 male adults)","SP.DYN.AMRT.MA","Colombia","COL","265.112","232.155","151.666","148.231","145.399","143.184","141.091","141.458","142.284","166.27","212.26","#N/A"
"Mortality rate, adult, male (per 1,000 male adults)","SP.DYN.AMRT.MA","Comoros","COM","327.209","308.264","281.391","275.494","275.358","268.429","268.49","263.567","262.808","262.788","280.901","#N/A"
"Mortality rate, adult, male (per 1,000 male adults)","SP.DYN.AMRT.MA","Congo, Dem. Rep.","COD","393.723","373.778","320.187","314.684","315.912","310.328","305.592","302.056","301.147","313.209","335.196","#N/A"
"Mortality rate, adult, male (per 1,000 male adults)","SP.DYN.AMRT.MA","Congo, Rep.","COG","428.173","411.302","306.87","305.682","297.229","300.37","299.231","290.9","315.626","304.313","305.437","#N/A"
"Mortality rate, adult, male (per 1,000 male adults)","SP.DYN.AMRT.MA","Costa Rica","CRI","114.401","115.195","107.356","113.897","110.191","106.184","104.695","104.507","103.413","110.686","134.444","#N/A"
"Mortality rate, adult, male (per 1,000 male adults)","SP.DYN.AMRT.MA","Cote d'Ivoire","CIV","389.642","448.859","376.871","366.067","360.727","353.555","353.168","345.839","343.882","349.567","362.548","#N/A"
"Mortality rate, adult, male (per 1,000 male adults)","SP.DYN.AMRT.MA","Croatia","HRV","212.355","178.283","125.021","119.722","121.652","112.71","110.411","106.448","99.528","104.715","110.749","#N/A"
"Mortality rate, adult, male (per 1,000 male adults)","SP.DYN.AMRT.MA","Cuba","CUB","171.827","149.72","128.216","128.844","129.661","130.554","131.226","131.328","130.627","130.806","175.323","#N/A"
"Mortality rate, adult, male (per 1,000 male adults)","SP.DYN.AMRT.MA","Curacao","CUW","171.77","161.855","137.842","141.159","140.918","144.968","140.272","140.571","140.861","141.039","148.826","#N/A"
"Mortality rate, adult, male (per 1,000 male adults)","SP.DYN.AMRT.MA","Cyprus","CYP","150.175","117.36","80.092","76.363","74.01","74.143","71.269","67.594","67.953","69.678","66.897","#N/A"
"Mortality rate, adult, male (per 1,000 male adults)","SP.DYN.AMRT.MA","Czechia","CZE","230.775","172.623","120.745","114.572","112.244","109.118","109.159","110.448","107.105","111.913","126.9","#N/A"
"Mortality rate, adult, male (per 1,000 male adults)","SP.DYN.AMRT.MA","Denmark","DNK","155.211","125.917","90.145","86.724","82.945","82.426","78.186","77.895","73.629","71.498","68.914","#N/A"
"Mortality rate, adult, male (per 1,000 male adults)","SP.DYN.AMRT.MA","Djibouti","DJI","350.113","340.946","301.052","303.382","299.039","296.644","291.386","289.534","289.928","301.584","310.975","#N/A"
"Mortality rate, adult, male (per 1,000 male adults)","SP.DYN.AMRT.MA","Dominica","DMA","235.303","164.978","196.331","186.437","191.877","187.967","200.79","168.649","169.992","168.955","174.032","#N/A"
"Mortality rate, adult, male (per 1,000 male adults)","SP.DYN.AMRT.MA","Dominican Republic","DOM","234.53","238.7","198.442","197.638","195.897","193.207","190.068","187.661","186.726","198.832","205.723","#N/A"
"Mortality rate, adult, male (per 1,000 male adults)","SP.DYN.AMRT.MA","Ecuador","ECU","216.034","194.621","148.173","142.674","139.174","139.034","138.002","139.401","141.688","213.076","198.146","#N/A"
"Mortality rate, adult, male (per 1,000 male adults)","SP.DYN.AMRT.MA","Egypt, Arab Rep.","EGY","242.398","222.621","215.247","208.015","204.216","198.622","189.703","185.95","182.015","185.848","198.911","#N/A"
"Mortality rate, adult, male (per 1,000 male adults)","SP.DYN.AMRT.MA","El Salvador","SLV","382.027","299.971","276.703","281.871","291.402","302.876","308.258","299.113","270.557","293.265","299.725","#N/A"
"Mortality rate, adult, male (per 1,000 male adults)","SP.DYN.AMRT.MA","Equatorial Guinea","GNQ","377.6","359.711","313.154","312.676","308.122","302.471","302.801","296.427","291.035","318.217","321.862","#N/A"
"Mortality rate, adult, male (per 1,000 male adults)","SP.DYN.AMRT.MA","Eritrea","ERI","428.157","383.152","255.451","250.365","244.416","243.233","239.021","234.181","231.268","234.245","245.654","#N/A"
"Mortality rate, adult, male (per 1,000 male adults)","SP.DYN.AMRT.MA","Estonia","EST","300.013","308.009","169.327","181.112","169.877","168.184","154.542","157.234","147.038","#N/A","#N/A","#N/A"
"Mortality rate, adult, male (per 1,000 male adults)","SP.DYN.AMRT.MA","Eswatini","SWZ","296.643","652.02","645.741","612.949","577.301","543.607","511.741","485.246","464.463","484.633","545.723","#N/A"
"Mortality rate, adult, male (per 1,000 male adults)","SP.DYN.AMRT.MA","Ethiopia","ETH","475.66","392.511","286.512","280.699","275.376","270.596","262.852","260.701","255.844","263.664","277.053","#N/A"
"Mortality rate, adult, male (per 1,000 male adults)","SP.DYN.AMRT.MA","Faroe Islands","FRO","#N/A","#N/A","#N/A","#N/A","#N/A","#N/A","#N/A","#N/A","#N/A","#N/A","#N/A","#N/A"
"Mortality rate, adult, male (per 1,000 male adults)","SP.DYN.AMRT.MA","Fiji","FJI","302.98","294.554","259.781","259.844","270.839","256.585","245.053","242.047","238.493","235.5","244.298","#N/A"
"Mortality rate, adult, male (per 1,000 male adults)","SP.DYN.AMRT.MA","Finland","FIN","183.067","144.431","104.868","98.834","94.538","94.85","90.312","89.859","87.823","91.897","86.883","#N/A"
"Mortality rate, adult, male (per 1,000 male adults)","SP.DYN.AMRT.MA","France","FRA","167.565","138.639","105.322","100.472","101.59","97.921","95.38","94.2","91.761","92.936","#N/A","#N/A"
"Mortality rate, adult, male (per 1,000 male adults)","SP.DYN.AMRT.MA","French Polynesia","PYF","126.57","76.903","57.184","55.848","54.909","53.938","52.993","51.848","50.441","49.364","74.667","#N/A"
"Mortality rate, adult, male (per 1,000 male adults)","SP.DYN.AMRT.MA","Gabon","GAB","292.782","292.688","287.784","288.782","284.023","278.609","280.328","279.043","269.162","270.109","285.584","#N/A"
"Mortality rate, adult, male (per 1,000 male adults)","SP.DYN.AMRT.MA","Gambia, The","GMB","368.546","329.7","273.392","277.921","275.021","271.493","275.099","275.69","269.133","292.306","302.788","#N/A"
"Mortality rate, adult, male (per 1,000 male adults)","SP.DYN.AMRT.MA","Georgia","GEO","262.996","246.438","236.467","228.461","224.903","220.703","217.559","222.556","221.687","231.779","253.072","#N/A"
"Mortality rate, adult, male (per 1,000 male adults)","SP.DYN.AMRT.MA","Germany","DEU","158.105","125.456","94.684","91.119","92.451","89.99","86.511","86.917","83.621","85.005","#N/A","#N/A"
"Mortality rate, adult, male (per 1,000 male adults)","SP.DYN.AMRT.MA","Ghana","GHA","326.167","303.858","285.68","281.682","281.403","274.45","273.793","274.577","268.562","281.151","287.935","#N/A"
"Mortality rate, adult, male (per 1,000 male adults)","SP.DYN.AMRT.MA","Gibraltar","GIB","123.253","84.202","90.498","88.398","95.915","76.9","75.122","72.081","69.591","69.334","87.431","#N/A"
"Mortality rate, adult, male (per 1,000 male adults)","SP.DYN.AMRT.MA","Greece","GRC","114.09","112.969","95.259","93.78","95.382","89.747","91.658","86.587","86.395","93.517","103.661","#N/A"
"Mortality rate, adult, male (per 1,000 male adults)","SP.DYN.AMRT.MA","Greenland","GRL","337.506","280.707","205.194","202.932","199.838","199.006","195.615","198.501","198.185","197.516","197.337","#N/A"
"Mortality rate, adult, male (per 1,000 male adults)","SP.DYN.AMRT.MA","Grenada","GRD","217.658","192.935","167.679","169.917","167.442","168.029","164.607","161.321","157.885","154.437","150.965","#N/A"
"Mortality rate, adult, male (per 1,000 male adults)","SP.DYN.AMRT.MA","Guam","GUM","198.751","195.377","193.86","193.571","193.633","188.827","184.151","179.411","174.733","171.021","176.508","#N/A"
"Mortality rate, adult, male (per 1,000 male adults)","SP.DYN.AMRT.MA","Guatemala","GTM","312.104","284.75","232.777","229.433","227.288","223.826","220.571","216.988","210.311","239.504","275.128","#N/A"
"Mortality rate, adult, male (per 1,000 male adults)","SP.DYN.AMRT.MA","Guinea","GIN","354.245","322.817","303.593","306.27","300.582","286.703","286.215","281.443","280.338","288.494","303.082","#N/A"
"Mortality rate, adult, male (per 1,000 male adults)","SP.DYN.AMRT.MA","Guinea-Bissau","GNB","396.461","427.894","353.169","351.273","345.857","339.359","332.507","331.077","324.474","353.359","362.432","#N/A"
"Mortality rate, adult, male (per 1,000 male adults)","SP.DYN.AMRT.MA","Guyana","GUY","344.962","338.359","301.917","292.555","287.822","286.457","283.129","280.299","275.732","284.375","339.631","#N/A"
"Mortality rate, adult, male (per 1,000 male adults)","SP.DYN.AMRT.MA","Haiti","HTI","372.099","321.552","288.287","285.009","282.932","283.233","279.025","278.779","279.393","282.028","297.684","#N/A"
"Mortality rate, adult, male (per 1,000 male adults)","SP.DYN.AMRT.MA","Honduras","HND","242.283","204.301","176.103","169.177","168.72","168.372","167.817","167.327","167.375","185.81","208.186","#N/A"
"Mortality rate, adult, male (per 1,000 male adults)","SP.DYN.AMRT.MA","Hong Kong SAR, China","HKG","116.992","87.767","65.466","63.1","61.269","59.847","57.845","55.832","54.412","52.867","51.22","#N/A"
"Mortality rate, adult, male (per 1,000 male adults)","SP.DYN.AMRT.MA","Hungary","HUN","305.087","271.44","182.243","179.963","177.627","172.279","168.058","166.734","159.172","164.516","#N/A","#N/A"
"Mortality rate, adult, male (per 1,000 male adults)","SP.DYN.AMRT.MA","Iceland","ISL","116.7","98.715","67.441","68.392","67.533","65.669","75.761","69.032","64.223","66.072","#N/A","#N/A"
"Mortality rate, adult, male (per 1,000 male adults)","SP.DYN.AMRT.MA","India","IND","267.505","252.631","214.491","208.244","202.425","197.778","195.1","194.114","193.514","202.334","253.832","#N/A"
"Mortality rate, adult, male (per 1,000 male adults)","SP.DYN.AMRT.MA","Indonesia","IDN","233.257","214.959","206.261","200.078","199.15","199.765","199.216","193.961","192.873","219.64","244.106","#N/A"
"Mortality rate, adult, male (per 1,000 male adults)","SP.DYN.AMRT.MA","Iran, Islamic Rep.","IRN","254.133","189.732","143.721","135.806","133.452","127.687","125.2","121.821","127.359","154.124","151.24","#N/A"
"Mortality rate, adult, male (per 1,000 male adults)","SP.DYN.AMRT.MA","Iraq","IRQ","427.144","255.853","233.569","219.125","200.684","247.681","208.762","165.028","166.628","206.793","183.88","#N/A"
"Mortality rate, adult, male (per 1,000 male adults)","SP.DYN.AMRT.MA","Ireland","IRL","133.277","119.257","81.065","78.763","74.33","72.089","70.771","70.339","71.605","67.313","#N/A","#N/A"
"Mortality rate, adult, male (per 1,000 male adults)","SP.DYN.AMRT.MA","Isle of Man","IMN","188.642","141.623","93.384","86.002","94.464","83.696","82.565","81.449","80.347","82.1","84.422","#N/A"
"Mortality rate, adult, male (per 1,000 male adults)","SP.DYN.AMRT.MA","Israel","ISR","107.039","102.6","75.007","72.471","72.987","70.873","#N/A","#N/A","#N/A","#N/A","#N/A","#N/A"
"Mortality rate, adult, male (per 1,000 male adults)","SP.DYN.AMRT.MA","Italy","ITA","130.512","101.334","67.898","66.045","67.307","64.479","66.506","63.203","61.477","#N/A","#N/A","#N/A"
"Mortality rate, adult, male (per 1,000 male adults)","SP.DYN.AMRT.MA","Jamaica","JAM","145.104","193.486","143.705","154.63","172.324","185.5","191.1","196.132","197.133","195.289","212.067","#N/A"
"Mortality rate, adult, male (per 1,000 male adults)","SP.DYN.AMRT.MA","Japan","JPN","108.856","98.382","75.083","72.613","70.18","68.737","66.604","65.289","64.375","64.547","64.319","#N/A"
"Mortality rate, adult, male (per 1,000 male adults)","SP.DYN.AMRT.MA","Jordan","JOR","175.186","151.84","123.75","121.02","118.291","116.35","113.411","110.837","108.406","115.343","125.741","#N/A"
"Mortality rate, adult, male (per 1,000 male adults)","SP.DYN.AMRT.MA","Kazakhstan","KAZ","340.997","394.509","285.972","276.485","269.752","256.092","250.618","246.569","246.621","277.164","274.47","#N/A"
"Mortality rate, adult, male (per 1,000 male adults)","SP.DYN.AMRT.MA","Kenya","KEN","340.666","451.008","387.989","389.771","394.214","386.588","391.564","389.762","381.951","389.647","419.404","#N/A"
"Mortality rate, adult, male (per 1,000 male adults)","SP.DYN.AMRT.MA","Kiribati","KIR","281.947","243.749","230.457","227.873","225.125","222.497","219.952","217.243","213.431","211.651","208.417","#N/A"
"Mortality rate, adult, male (per 1,000 male adults)","SP.DYN.AMRT.MA","Korea, Dem. People's Rep.","PRK","174.256","262.785","165.524","160.948","183.169","183.857","182.474","182.567","180.725","180.708","182.375","#N/A"
"Mortality rate, adult, male (per 1,000 male adults)","SP.DYN.AMRT.MA","Korea, Rep.","KOR","233.201","158.382","80.3","74.642","70.803","66.374","62.251","60.44","57.021","72.497","69.268","#N/A"
"Mortality rate, adult, male (per 1,000 male adults)","SP.DYN.AMRT.MA","Kosovo","XKX","172.11","141.688","102.216","99.418","98.212","95.448","96.139","95.182","91.812","106.861","110.771","#N/A"
"Mortality rate, adult, male (per 1,000 male adults)","SP.DYN.AMRT.MA","Kuwait","KWT","165.168","94.011","69.106","65.17","64.129","60.943","60.066","59.965","59.479","84.858","64.407","#N/A"
"Mortality rate, adult, male (per 1,000 male adults)","SP.DYN.AMRT.MA","Kyrgyz Republic","KGZ","315.831","318.772","270.904","260.812","252.916","255.964","249.818","251.03","245.786","271.377","269.527","#N/A"
"Mortality rate, adult, male (per 1,000 male adults)","SP.DYN.AMRT.MA","Lao PDR","LAO","346.425","310.79","229.475","224.069","219.611","215.175","210.499","207.05","202.966","194.231","201.753","#N/A"
"Mortality rate, adult, male (per 1,000 male adults)","SP.DYN.AMRT.MA","Latvia","LVA","309.934","329.836","242.15","241.36","234.554","229.587","228.584","229.116","210.61","#N/A","#N/A","#N/A"
"Mortality rate, adult, male (per 1,000 male adults)","SP.DYN.AMRT.MA","Lebanon","LBN","410.451","127.526","81.237","79.804","77.379","75.598","76.06","72.251","77.491","89.717","125.642","#N/A"
"Mortality rate, adult, male (per 1,000 male adults)","SP.DYN.AMRT.MA","Lesotho","LSO","410.435","636.149","655.398","623.903","593.377","568.273","546.7","529.304","516.418","504.362","552.668","#N/A"
"Mortality rate, adult, male (per 1,000 male adults)","SP.DYN.AMRT.MA","Liberia","LBR","725.361","344.015","300.145","313.212","319.026","298.583","300.275","300.998","295.617","303.559","308.72","#N/A"
"Mortality rate, adult, male (per 1,000 male adults)","SP.DYN.AMRT.MA","Libya","LBY","178.342","175.326","185.37","223.09","218.903","220.441","198.959","193.049","203.905","189.773","190.653","#N/A"
"Mortality rate, adult, male (per 1,000 male adults)","SP.DYN.AMRT.MA","Liechtenstein","LIE","#N/A","#N/A","#N/A","#N/A","#N/A","#N/A","#N/A","#N/A","#N/A","#N/A","#N/A","#N/A"
"Mortality rate, adult, male (per 1,000 male adults)","SP.DYN.AMRT.MA","Lithuania","LTU","287.642","292.937","265.849","250.161","245.418","242.472","212.885","206.93","200.925","223.683","#N/A","#N/A"
"Mortality rate, adult, male (per 1,000 male adults)","SP.DYN.AMRT.MA","Luxembourg","LUX","152.45","127.293","80.788","79.192","72.385","73.837","66.343","67.274","66.112","68.632","65.229","#N/A"
"Mortality rate, adult, male (per 1,000 male adults)","SP.DYN.AMRT.MA","Macao SAR, China","MAC","99.069","74.429","61.559","59.338","58.024","56.208","52.729","50.297","49.986","48.424","46.731","#N/A"
"Mortality rate, adult, male (per 1,000 male adults)","SP.DYN.AMRT.MA","Madagascar","MDG","366.883","300.028","264.351","259.267","258.218","251.055","251.676","250.993","245.413","256.518","270.716","#N/A"
"Mortality rate, adult, male (per 1,000 male adults)","SP.DYN.AMRT.MA","Malawi","MWI","473.802","583.218","417.766","414.236","408.396","400.549","393.318","392.518","378.171","384.223","395.225","#N/A"
"Mortality rate, adult, male (per 1,000 male adults)","SP.DYN.AMRT.MA","Malaysia","MYS","185.218","180.519","161.236","159.003","160.29","157.353","154.334","150.914","147.706","144.397","149.207","#N/A"
"Mortality rate, adult, male (per 1,000 male adults)","SP.DYN.AMRT.MA","Maldives","MDV","210.976","137.224","63.568","60.851","59.055","57.692","57.845","57.041","56.172","57.86","52.609","#N/A"
"Mortality rate, adult, male (per 1,000 male adults)","SP.DYN.AMRT.MA","Mali","MLI","362.791","326.82","298.985","292.669","289.451","284.615","284.189","287.255","284.075","312.723","311.356","#N/A"
"Mortality rate, adult, male (per 1,000 male adults)","SP.DYN.AMRT.MA","Malta","MLT","103.676","98.555","62.594","56.113","53.663","49.224","49.28","49.449","49.162","48.614","42.594","#N/A"
"Mortality rate, adult, male (per 1,000 male adults)","SP.DYN.AMRT.MA","Marshall Islands","MHL","358.071","320.217","316.147","313.583","310.541","306.672","303.531","300.239","296.549","293.702","289.512","#N/A"
"Mortality rate, adult, male (per 1,000 male adults)","SP.DYN.AMRT.MA","Mauritania","MRT","274.939","254.742","228.601","224.238","223.822","219.675","219.352","215.489","215.025","232.762","237.908","#N/A"
"Mortality rate, adult, male (per 1,000 male adults)","SP.DYN.AMRT.MA","Mauritius","MUS","246.403","217.068","182.597","180.284","177.845","177.357","177.644","174.708","170.933","198.757","197.368","#N/A"
"Mortality rate, adult, male (per 1,000 male adults)","SP.DYN.AMRT.MA","Mexico","MEX","241.386","190.242","184.452","184.294","187.351","193.592","200.69","205.793","205.773","283.286","288.394","#N/A"
"Mortality rate, adult, male (per 1,000 male adults)","SP.DYN.AMRT.MA","Micronesia, Fed. Sts.","FSM","231.753","191.166","177.111","179.812","183.395","183.684","190.702","198.084","207.412","219.922","219.939","#N/A"
"Mortality rate, adult, male (per 1,000 male adults)","SP.DYN.AMRT.MA","Moldova","MDA","282.102","319.773","303.294","303.041","299.509","284.432","270.453","272.06","261.404","271.998","299.916","#N/A"
"Mortality rate, adult, male (per 1,000 male adults)","SP.DYN.AMRT.MA","Monaco","MCO","#N/A","#N/A","#N/A","#N/A","#N/A","#N/A","#N/A","#N/A","#N/A","#N/A","#N/A","#N/A"
"Mortality rate, adult, male (per 1,000 male adults)","SP.DYN.AMRT.MA","Mongolia","MNG","321.347","322.11","305.241","296.525","287.841","281.382","272.812","263.608","254.99","250.018","261.862","#N/A"
"Mortality rate, adult, male (per 1,000 male adults)","SP.DYN.AMRT.MA","Montenegro","MNE","173.193","166.942","133.61","132.318","130.19","129.302","129.019","124.39","127.235","135.501","136.647","#N/A"
"Mortality rate, adult, male (per 1,000 male adults)","SP.DYN.AMRT.MA","Morocco","MAR","262.833","215.306","151.14","145.857","141.134","136.937","133.429","130.373","127.668","130.197","128.703","#N/A"
"Mortality rate, adult, male (per 1,000 male adults)","SP.DYN.AMRT.MA","Mozambique","MOZ","437.264","443.673","420.951","410.274","397.887","384.264","368.919","359.782","347.809","355.094","409.38","#N/A"
"Mortality rate, adult, male (per 1,000 male adults)","SP.DYN.AMRT.MA","Myanmar","MMR","358.343","330.338","276.409","275.411","268.881","268.477","267.665","258.437","257.395","251.896","278.762","#N/A"
"Mortality rate, adult, male (per 1,000 male adults)","SP.DYN.AMRT.MA","Namibia","NAM","328.21","586.278","505.335","475.479","454.913","436.567","425.564","419.617","409.246","415.244","496.221","#N/A"
"Mortality rate, adult, male (per 1,000 male adults)","SP.DYN.AMRT.MA","Nauru","NRU","415.844","476.191","437.636","427.165","419.602","412.713","409.1","405.662","403.608","404.431","397.997","#N/A"
"Mortality rate, adult, male (per 1,000 male adults)","SP.DYN.AMRT.MA","Nepal","NPL","322.506","262.264","213.731","212.929","222.232","205.055","204.57","205.642","197.129","201.323","215.823","#N/A"
"Mortality rate, adult, male (per 1,000 male adults)","SP.DYN.AMRT.MA","Netherlands","NLD","116.432","100.046","70.412","67.33","66.691","65.56","64.74","63.963","62.374","#N/A","#N/A","#N/A"
"Mortality rate, adult, male (per 1,000 male adults)","SP.DYN.AMRT.MA","New Caledonia","NCL","221.921","170.306","126.205","128.947","133.68","128.518","123.429","118.786","114.552","110.45","120.481","#N/A"
"Mortality rate, adult, male (per 1,000 male adults)","SP.DYN.AMRT.MA","New Zealand","NZL","142.877","104.312","80.47","79.095","76.511","79.171","79.952","80.075","82.524","74.237","77.693","#N/A"
"Mortality rate, adult, male (per 1,000 male adults)","SP.DYN.AMRT.MA","Nicaragua","NIC","292.294","253.04","205.393","202.537","198.756","194.048","189.873","187.337","187.874","216.975","188.247","#N/A"
"Mortality rate, adult, male (per 1,000 male adults)","SP.DYN.AMRT.MA","Niger","NER","336.77","312.371","254.589","250.698","256.035","248.855","243.116","239.18","238.442","269.44","274.319","#N/A"
"Mortality rate, adult, male (per 1,000 male adults)","SP.DYN.AMRT.MA","Nigeria","NGA","419.692","423.432","381.514","381.987","381.935","376.717","375.885","372.918","370.397","377.226","386.451","#N/A"
"Mortality rate, adult, male (per 1,000 male adults)","SP.DYN.AMRT.MA","North Macedonia","MKD","160.891","158.094","114.905","111.829","109.211","105.197","98.377","90.804","88.095","110.334","128.364","#N/A"
"Mortality rate, adult, male (per 1,000 male adults)","SP.DYN.AMRT.MA","Northern Mariana Islands","MNP","#N/A","#N/A","#N/A","#N/A","#N/A","#N/A","#N/A","#N/A","#N/A","#N/A","#N/A","#N/A"
"Mortality rate, adult, male (per 1,000 male adults)","SP.DYN.AMRT.MA","Norway","NOR","127.55","106.629","75.058","69.462","65.805","65.857","61.92","62.496","60.834","59.917","#N/A","#N/A"
"Mortality rate, adult, male (per 1,000 male adults)","SP.DYN.AMRT.MA","Oman","OMN","175.106","149.412","85.516","82.73","79.4","76.241","76.563","76.456","76.463","102.505","136.709","#N/A"
"Mortality rate, adult, male (per 1,000 male adults)","SP.DYN.AMRT.MA","Pakistan","PAK","220.051","217.473","218.614","218.746","214.322","213.777","209.9","208.923","204.448","215.472","220.77","#N/A"
"Mortality rate, adult, male (per 1,000 male adults)","SP.DYN.AMRT.MA","Palau","PLW","#N/A","#N/A","#N/A","#N/A","#N/A","#N/A","#N/A","#N/A","#N/A","#N/A","#N/A","#N/A"
"Mortality rate, adult, male (per 1,000 male adults)","SP.DYN.AMRT.MA","Panama","PAN","186.577","166.79","147.792","144.044","141.085","139.77","140.62","144.414","152.34","156.037","160.696","#N/A"
"Mortality rate, adult, male (per 1,000 male adults)","SP.DYN.AMRT.MA","Papua New Guinea","PNG","330.231","297.968","287.728","283.128","280.808","279.941","274.318","274.989","275.502","267.834","276.17","#N/A"
"Mortality rate, adult, male (per 1,000 male adults)","SP.DYN.AMRT.MA","Paraguay","PRY","211.342","219.227","192.331","191.989","188.446","185.031","183.086","183.95","183.803","198.785","236.566","#N/A"
"Mortality rate, adult, male (per 1,000 male adults)","SP.DYN.AMRT.MA","Peru","PER","230.396","192.316","146.978","143.631","142.013","142.14","142.722","141.708","138.319","184.307","209.198","#N/A"
"Mortality rate, adult, male (per 1,000 male adults)","SP.DYN.AMRT.MA","Philippines","PHL","227.59","186.041","165.874","163.711","162.725","161.883","160.841","158.765","156.406","153.067","199.595","#N/A"
"Mortality rate, adult, male (per 1,000 male adults)","SP.DYN.AMRT.MA","Poland","POL","263.085","218.94","172.362","162.874","163.904","160.653","158.785","159.562","156.201","#N/A","#N/A","#N/A"
"Mortality rate, adult, male (per 1,000 male adults)","SP.DYN.AMRT.MA","Portugal","PRT","174.691","153.572","112.016","108.972","104.094","103.288","102.438","100.984","96.307","102.691","100.862","#N/A"
"Mortality rate, adult, male (per 1,000 male adults)","SP.DYN.AMRT.MA","Puerto Rico","PRI","207.91","196.144","159.175","155.412","146.395","139.411","140.496","142.305","146.194","177.192","152.587","#N/A"
"Mortality rate, adult, male (per 1,000 male adults)","SP.DYN.AMRT.MA","Qatar","QAT","107.408","112.746","56.034","53.71","50.6","47.746","46.033","45.742","46.422","55.473","56.385","#N/A"
"Mortality rate, adult, male (per 1,000 male adults)","SP.DYN.AMRT.MA","Romania","ROU","231.66","234.963","186.459","185.802","185.508","177.712","167.36","163.187","155.262","164.649","174.369","#N/A"
"Mortality rate, adult, male (per 1,000 male adults)","SP.DYN.AMRT.MA","Russian Federation","RUS","316.044","442.786","321.874","321.526","#N/A","#N/A","#N/A","#N/A","#N/A","#N/A","#N/A","#N/A"
"Mortality rate, adult, male (per 1,000 male adults)","SP.DYN.AMRT.MA","Rwanda","RWA","510.083","462.487","291.767","292.108","284.929","285.275","282.546","273.304","272.136","270.464","276.693","#N/A"
"Mortality rate, adult, male (per 1,000 male adults)","SP.DYN.AMRT.MA","Samoa","WSM","259.655","209.098","174.823","173.448","172.653","172.388","171.913","171.649","178.682","171.301","171.562","#N/A"
"Mortality rate, adult, male (per 1,000 male adults)","SP.DYN.AMRT.MA","San Marino","SMR","#N/A","#N/A","#N/A","#N/A","#N/A","#N/A","#N/A","#N/A","#N/A","#N/A","#N/A","#N/A"
"Mortality rate, adult, male (per 1,000 male adults)","SP.DYN.AMRT.MA","Sao Tome and Principe","STP","254.605","290.73","293.535","292.851","284.995","283.424","273.377","274.184","273.188","283.596","282.073","#N/A"
"Mortality rate, adult, male (per 1,000 male adults)","SP.DYN.AMRT.MA","Saudi Arabia","SAU","170.897","145.028","98.106","98.183","98.495","98.799","100.027","101.809","100.896","108.383","99.919","#N/A"
"Mortality rate, adult, male (per 1,000 male adults)","SP.DYN.AMRT.MA","Senegal","SEN","300.716","291.876","232.259","225.862","226.353","220.363","219.588","213.609","213.154","218.124","236.093","#N/A"
"Mortality rate, adult, male (per 1,000 male adults)","SP.DYN.AMRT.MA","Serbia","SRB","209.401","206.112","148.746","145.243","142.205","134.745","132.162","126.918","123.579","137.869","146.106","#N/A"
"Mortality rate, adult, male (per 1,000 male adults)","SP.DYN.AMRT.MA","Seychelles","SYC","298.71","284.516","193.033","195.351","195.915","196.079","193.818","191.428","188.008","203.992","229.537","#N/A"
"Mortality rate, adult, male (per 1,000 male adults)","SP.DYN.AMRT.MA","Sierra Leone","SLE","412.35","446.7","294.542","296.724","288.18","273.895","273.177","260.713","255.168","270.279","266.648","#N/A"
"Mortality rate, adult, male (per 1,000 male adults)","SP.DYN.AMRT.MA","Singapore","SGP","140.276","96.383","66.841","65.729","64.373","63.077","61.249","59.264","56.933","58.622","56.184","#N/A"
"Mortality rate, adult, male (per 1,000 male adults)","SP.DYN.AMRT.MA","Sint Maarten (Dutch part)","SXM","152.559","126.105","126.755","108.939","106.717","106.717","125.249","124.689","124.038","125.258","135.329","#N/A"
"Mortality rate, adult, male (per 1,000 male adults)","SP.DYN.AMRT.MA","Slovak Republic","SVK","270.598","216.472","156.215","154.427","156.171","144.495","144.821","147.894","140.371","#N/A","#N/A","#N/A"
"Mortality rate, adult, male (per 1,000 male adults)","SP.DYN.AMRT.MA","Slovenia","SVN","206.041","168.105","106.14","94.604","101.185","97.882","90.934","87.09","87.422","#N/A","#N/A","#N/A"
"Mortality rate, adult, male (per 1,000 male adults)","SP.DYN.AMRT.MA","Solomon Islands","SLB","282.071","246.532","205.577","203.57","198.706","195.542","192.357","189.397","185.829","185.69","183.014","#N/A"
"Mortality rate, adult, male (per 1,000 male adults)","SP.DYN.AMRT.MA","Somalia","SOM","510.176","370.798","356.271","358.042","350.86","356.221","346.042","337.836","325.25","356.462","381.051","#N/A"
"Mortality rate, adult, male (per 1,000 male adults)","SP.DYN.AMRT.MA","South Africa","ZAF","346.736","472.925","419.532","403.001","392.511","381.398","369.708","360.378","341.836","353.927","399.441","#N/A"
"Mortality rate, adult, male (per 1,000 male adults)","SP.DYN.AMRT.MA","South Sudan","SSD","737.639","458.298","361.312","397.595","373.805","375.85","384.434","360.603","360.368","370.95","379.954","#N/A"
"Mortality rate, adult, male (per 1,000 male adults)","SP.DYN.AMRT.MA","Spain","ESP","144.769","118.721","79.558","77.498","76.998","74.537","73.061","72.383","69.721","74.422","#N/A","#N/A"
"Mortality rate, adult, male (per 1,000 male adults)","SP.DYN.AMRT.MA","Sri Lanka","LKA","233.626","256.844","187.401","179.633","174.89","169.258","167.145","161.052","157.593","152.109","139.991","#N/A"
"Mortality rate, adult, male (per 1,000 male adults)","SP.DYN.AMRT.MA","St. Kitts and Nevis","KNA","305.71","233.47","230.943","239.972","242.713","237.899","234.778","236.04","234.936","234.91","235.148","#N/A"
"Mortality rate, adult, male (per 1,000 male adults)","SP.DYN.AMRT.MA","St. Lucia","LCA","207.067","208.653","175.039","178.539","175.032","180.826","185.175","181.989","181.882","182.888","215.969","#N/A"
"Mortality rate, adult, male (per 1,000 male adults)","SP.DYN.AMRT.MA","St. Martin (French part)","MAF","137.42","109.388","86.099","76.385","84.043","82.658","85.668","75.545","78.462","77.166","75.136","#N/A"
"Mortality rate, adult, male (per 1,000 male adults)","SP.DYN.AMRT.MA","St. Vincent and the Grenadines","VCT","198.204","221.431","191.859","185.953","184.809","184.511","181.576","181.41","196.821","200.814","245.183","#N/A"
"Mortality rate, adult, male (per 1,000 male adults)","SP.DYN.AMRT.MA","Sudan","SDN","488.297","329.293","275.049","265.934","257.011","257.01","245.263","243.16","241.127","244.205","252.755","#N/A"
"Mortality rate, adult, male (per 1,000 male adults)","SP.DYN.AMRT.MA","Suriname","SUR","317.303","316.678","266.785","264.791","248.34","233.877","221.756","220.823","225.85","220.551","245.894","#N/A"
"Mortality rate, adult, male (per 1,000 male adults)","SP.DYN.AMRT.MA","Sweden","SWE","114.392","87.232","67.302","66.376","66.933","63.956","63.288","62.062","58.136","60.859","59.257","#N/A"
"Mortality rate, adult, male (per 1,000 male adults)","SP.DYN.AMRT.MA","Switzerland","CHE","126.484","99.439","66.885","63.344","62.284","58.204","60.213","57.573","54.626","56.763","56.88","#N/A"
"Mortality rate, adult, male (per 1,000 male adults)","SP.DYN.AMRT.MA","Syrian Arab Republic","SYR","178.346","188.429","360.456","370.663","329.561","311.689","314.962","257.877","204.403","183.774","178.157","#N/A"
"Mortality rate, adult, male (per 1,000 male adults)","SP.DYN.AMRT.MA","Tajikistan","TJK","276.222","270.24","205.162","204.222","200.803","197.429","191.337","182.709","174.475","215.616","162.754","#N/A"
"Mortality rate, adult, male (per 1,000 male adults)","SP.DYN.AMRT.MA","Tanzania","TZA","401.064","433.947","318.49","302.08","285.557","270.231","257.16","247.018","240.126","247.468","252.891","#N/A"
"Mortality rate, adult, male (per 1,000 male adults)","SP.DYN.AMRT.MA","Thailand","THA","239.381","239.769","198.905","195.382","192.257","190.615","185.927","182.856","178.684","174.223","170.774","#N/A"
"Mortality rate, adult, male (per 1,000 male adults)","SP.DYN.AMRT.MA","Timor-Leste","TLS","455.283","306.146","218.741","214.904","210.56","206.658","202.873","199.551","196.525","191.889","204.538","#N/A"
"Mortality rate, adult, male (per 1,000 male adults)","SP.DYN.AMRT.MA","Togo","TGO","327.611","344.678","299.149","299.185","293.381","293.505","287.325","289.905","282.895","282.978","277.337","#N/A"
"Mortality rate, adult, male (per 1,000 male adults)","SP.DYN.AMRT.MA","Tonga","TON","303.751","273.926","239.685","238.599","237.489","236.478","235.438","234.26","232.709","231.988","230.48","#N/A"
"Mortality rate, adult, male (per 1,000 male adults)","SP.DYN.AMRT.MA","Trinidad and Tobago","TTO","233.07","234.42","192.561","191.268","190.831","193.667","195.483","204.26","196.468","191.959","206.713","#N/A"
"Mortality rate, adult, male (per 1,000 male adults)","SP.DYN.AMRT.MA","Tunisia","TUN","149.817","137.348","129.013","129.155","128.758","129.155","127.499","126.776","125.936","132.71","149.819","#N/A"
"Mortality rate, adult, male (per 1,000 male adults)","SP.DYN.AMRT.MA","Turkiye","TUR","209.484","173.652","129.115","124.841","124.737","126.475","118.718","113.626","110.797","130.644","126.784","#N/A"
"Mortality rate, adult, male (per 1,000 male adults)","SP.DYN.AMRT.MA","Turkmenistan","TKM","284.337","281.694","235.824","240.435","236.782","233.73","232.364","235.944","233.645","233.615","225.5","#N/A"
"Mortality rate, adult, male (per 1,000 male adults)","SP.DYN.AMRT.MA","Turks and Caicos Islands","TCA","242.683","128.986","109.138","110.979","112.958","116.886","120.802","124.832","128.163","130.348","137.733","#N/A"
"Mortality rate, adult, male (per 1,000 male adults)","SP.DYN.AMRT.MA","Tuvalu","TUV","364.824","321.703","374.624","377.276","379.458","381.188","382.652","383.336","384.691","384.654","382.942","#N/A"
"Mortality rate, adult, male (per 1,000 male adults)","SP.DYN.AMRT.MA","Uganda","UGA","518.796","531.873","384.237","368.953","360.018","359.046","345.963","338.271","334.728","337.48","345.11","#N/A"
"Mortality rate, adult, male (per 1,000 male adults)","SP.DYN.AMRT.MA","Ukraine","UKR","285.581","377.775","292.069","#N/A","#N/A","#N/A","#N/A","#N/A","#N/A","#N/A","#N/A","#N/A"
"Mortality rate, adult, male (per 1,000 male adults)","SP.DYN.AMRT.MA","United Arab Emirates","ARE","173.458","133.12","78.858","76.298","73.993","72.596","70.841","69.448","68.244","70.319","70.961","#N/A"
"Mortality rate, adult, male (per 1,000 male adults)","SP.DYN.AMRT.MA","United Kingdom","GBR","129.27","108.445","85.193","83.909","84.586","85.682","84.624","87.147","85.272","94.281","#N/A","#N/A"
"Mortality rate, adult, male (per 1,000 male adults)","SP.DYN.AMRT.MA","United States","USA","172.059","143.926","131.259","131.878","134.303","138.505","139.215","137.524","136.83","162.991","#N/A","#N/A"
"Mortality rate, adult, male (per 1,000 male adults)","SP.DYN.AMRT.MA","Uruguay","URY","193.747","179.027","151.98","150.023","147.774","145.642","144.34","144.882","148.377","137.903","172.016","#N/A"
"Mortality rate, adult, male (per 1,000 male adults)","SP.DYN.AMRT.MA","Uzbekistan","UZB","257.217","262.071","217.965","216.009","212.748","208.045","205.283","202.509","198.13","211.749","204.122","#N/A"
"Mortality rate, adult, male (per 1,000 male adults)","SP.DYN.AMRT.MA","Vanuatu","VUT","269.927","219.139","203.781","203.275","203.549","203.787","205.447","204.423","204.953","186.374","187.403","#N/A"
"Mortality rate, adult, male (per 1,000 male adults)","SP.DYN.AMRT.MA","Venezuela, RB","VEN","176.242","195.266","213.76","219.511","216.575","236.354","233.103","234.512","230.673","241.044","248.498","#N/A"
"Mortality rate, adult, male (per 1,000 male adults)","SP.DYN.AMRT.MA","Viet Nam","VNM","222.826","201.342","190.298","189.624","189.953","189.793","188.581","189.048","187.339","163.167","183.997","#N/A"
"Mortality rate, adult, male (per 1,000 male adults)","SP.DYN.AMRT.MA","Virgin Islands (U.S.)","VIR","210.423","201.22","195.721","196.57","187.008","186.824","190.865","190.63","191.042","191.273","195.151","#N/A"
"Mortality rate, adult, male (per 1,000 male adults)","SP.DYN.AMRT.MA","West Bank and Gaza","PSE","206.704","188.48","129.616","174.357","126.21","126.479","122.408","130.484","118.03","128.515","142.072","#N/A"
"Mortality rate, adult, male (per 1,000 male adults)","SP.DYN.AMRT.MA","Yemen, Rep.","YEM","287.02","249.175","198.582","202.947","251.912","245.338","250.734","298.319","277.88","277.098","294.032","#N/A"
"Mortality rate, adult, male (per 1,000 male adults)","SP.DYN.AMRT.MA","Zambia","ZMB","454.94","586.168","369.481","357.175","349.496","339.031","335.96","329.797","321.702","333.068","368.647","#N/A"
"Mortality rate, adult, male (per 1,000 male adults)","SP.DYN.AMRT.MA","Zimbabwe","ZWE","396.182","733.171","465.986","435.075","419.827","409.21","405.925","391.373","400.483","412.647","456.323","#N/A"
"Mortality rate, adult, male (per 1,000 male adults)","SP.DYN.AMRT.MA","Africa Eastern and Southern","AFE","432.09811522325","439.202798386062","344.462258685983","336.276203328975","329.494915481097","322.218242208219","314.493881956363","309.165595497689","302.772369828326","311.485253619856","332.823488880823","#N/A"
"Mortality rate, adult, male (per 1,000 male adults)","SP.DYN.AMRT.MA","Africa Western and Central","AFW","391.91102131306","389.595966413774","343.312222862022","341.807849872483","339.664654474451","333.254416661094","332.079861529272","329.087406392542","326.635575564567","337.587341383032","346.620096688814","#N/A"
"Mortality rate, adult, male (per 1,000 male adults)","SP.DYN.AMRT.MA","Arab World","ARB","267.331563476825","210.58698450397","183.161085457514","179.043943477884","174.622171391281","175.331361201491","169.021950917385","164.950778008648","160.369004550362","170.001343958604","172.926666817231","#N/A"
"Mortality rate, adult, male (per 1,000 male adults)","SP.DYN.AMRT.MA","Caribbean small states","CSS","214.977459970851","231.217461749307","188.476217361086","191.419528960138","196.701818225794","200.909333500759","202.16231683916","205.113631091921","204.266623841091","205.286361006911","226.617844370167","#N/A"
"Mortality rate, adult, male (per 1,000 male adults)","SP.DYN.AMRT.MA","Central Europe and the Baltics","CEB","253.345493346708","225.913642127031","171.184277268442","166.176701991114","165.633223639652","160.934392169377","156.434198056921","155.727009693646","150.461342199675","#N/A","#N/A","#N/A"
"Mortality rate, adult, male (per 1,000 male adults)","SP.DYN.AMRT.MA","Early-demographic dividend","EAR","261.566462640104","241.069564062426","210.631579926295","205.513998183557","201.544171392909","198.458016468382","195.808727704116","193.631242544666","191.837901070337","205.53959509871","234.977177862962","#N/A"
"Mortality rate, adult, male (per 1,000 male adults)","SP.DYN.AMRT.MA","East Asia & Pacific","EAS","196.841674967206","164.662061953183","139.722798534352","137.394896204416","136.019964166345","134.966301741476","135.695608657509","130.944922258815","129.006876435419","130.663848416694","136.450177177624","#N/A"
"Mortality rate, adult, male (per 1,000 male adults)","SP.DYN.AMRT.MA","East Asia & Pacific (excluding high income)","EAP","204.73345670795","170.831996963894","146.191383279915","143.814019638662","142.492841425393","141.467428455035","142.531577036478","137.43514492659","135.385985883325","136.755337322756","142.416670422416","#N/A"
"Mortality rate, adult, male (per 1,000 male adults)","SP.DYN.AMRT.MA","East Asia & Pacific (IDA & IBRD countries)","TEA","205.14896856704","169.639526332518","145.95677313539","143.605777441037","141.995806857069","140.947803906995","142.039410899483","136.876581183755","134.823880673691","136.21043475163","141.921984587699","#N/A"
"Mortality rate, adult, male (per 1,000 male adults)","SP.DYN.AMRT.MA","Euro area","EMU","154.963818872012","127.996921979036","92.6373869353217","89.3442756175638","89.5859156340072","86.619412051318","84.7707880314108","83.5876144596751","80.8865504840334","87.0726329764824","#N/A","#N/A"
"Mortality rate, adult, male (per 1,000 male adults)","SP.DYN.AMRT.MA","Europe & Central Asia","ECS","214.731756149051","224.483197760759","166.055399137292","156.05432659887","121.391001463042","118.710812856274","115.613903856608","114.08369439045","109.489024468729","#N/A","#N/A","#N/A"
"Mortality rate, adult, male (per 1,000 male adults)","SP.DYN.AMRT.MA","Europe & Central Asia (excluding high income)","ECA","280.65163609461","339.752903232571","247.699801967355","238.573290762305","#N/A","#N/A","#N/A","#N/A","#N/A","#N/A","#N/A","#N/A"
"Mortality rate, adult, male (per 1,000 male adults)","SP.DYN.AMRT.MA","Europe & Central Asia (IDA & IBRD countries)","TEC","275.489382795154","321.397522372403","237.173491615976","227.403382632883","#N/A","#N/A","#N/A","#N/A","#N/A","#N/A","#N/A","#N/A"
"Mortality rate, adult, male (per 1,000 male adults)","SP.DYN.AMRT.MA","European Union","EUU","175.134787956461","147.723433850197","108.260318064413","104.561408191779","104.516734786443","101.177010687876","98.790342045322","97.5921734385034","94.3081077625226","97.0155397462072","#N/A","#N/A"
"Mortality rate, adult, male (per 1,000 male adults)","SP.DYN.AMRT.MA","Fragile and conflict affected situations","FCS","379.972826622177","361.764106969226","309.588699410597","308.77230156112","305.189146128857","303.921986562658","300.460234445991","296.288770651683","291.977238453285","301.565524810517","314.909152211059","#N/A"
"Mortality rate, adult, male (per 1,000 male adults)","SP.DYN.AMRT.MA","Heavily indebted poor countries (HIPC)","HPC","416.378751066738","385.077290995871","310.233284866314","304.480430872373","299.85145758711","293.802326361237","290.165692952257","287.017263425101","282.755877871337","294.900504546338","308.968219314337","#N/A"
"Mortality rate, adult, male (per 1,000 male adults)","SP.DYN.AMRT.MA","High income","HIC","162.777866724044","135.735045838233","105.380788078664","103.457979186488","103.559477101455","103.043141104098","102.084689166413","101.152425764518","99.3505241926318","110.680073682089","#N/A","#N/A"
"Mortality rate, adult, male (per 1,000 male adults)","SP.DYN.AMRT.MA","IBRD only","IBD","234.870737832026","215.308208018595","180.35365780382","175.323018825078","167.938230889093","166.229162462273","164.765977484801","161.47316665751","159.70438274443","170.291343875664","191.570083796275","#N/A"
"Mortality rate, adult, male (per 1,000 male adults)","SP.DYN.AMRT.MA","IDA & IBRD total","IBT","254.187965690559","236.231756071697","202.40785564756","198.089179996355","192.401292314921","190.244708162379","188.746090101694","185.710423471007","183.878119390746","194.39361356741","213.64066198544","#N/A"
"Mortality rate, adult, male (per 1,000 male adults)","SP.DYN.AMRT.MA","IDA blend","IDB","311.986863629696","331.851584700759","298.269773388144","298.115345693219","296.212624728539","293.286581147173","291.783898099314","290.290315627151","287.166474340477","297.004825474388","306.517404340367","#N/A"
"Mortality rate, adult, male (per 1,000 male adults)","SP.DYN.AMRT.MA","IDA only","IDX","362.455813036046","323.59625882456","277.60023492526","272.366926812192","268.34916923097","262.54202176747","258.952163442245","254.37775451894","250.549515069977","257.977901286099","270.397132955881","#N/A"
"Mortality rate, adult, male (per 1,000 male adults)","SP.DYN.AMRT.MA","IDA total","IDA","345.673389259495","326.36967568581","284.601188142644","281.076592285649","277.746486406514","272.859353412108","269.92023570384","266.334388962629","262.70147639989","270.895584810479","282.330822748132","#N/A"
"Mortality rate, adult, male (per 1,000 male adults)","SP.DYN.AMRT.MA","Late-demographic dividend","LTE","214.417889558844","191.551042900377","150.671087826833","148.0025169166","135.552988953885","133.848956811126","133.781881848979","129.019232109852","126.527284493298","129.158658638942","132.744907575775","#N/A"
"Mortality rate, adult, male (per 1,000 male adults)","SP.DYN.AMRT.MA","Latin America & Caribbean","LCN","236.759372946435","211.848377046797","178.339857408358","175.290987888609","175.523106250878","177.450334449483","174.885575952631","173.960475364444","171.612663995792","206.880446471622","226.052499026456","#N/A"
"Mortality rate, adult, male (per 1,000 male adults)","SP.DYN.AMRT.MA","Latin America & Caribbean (excluding high income)","LAC","242.228065427893","215.685059215882","178.982266602223","175.407978522416","175.939444640872","177.229915205193","174.726134307846","173.526819019812","171.260609781588","209.465280032621","229.59431964227","#N/A"
"Mortality rate, adult, male (per 1,000 male adults)","SP.DYN.AMRT.MA","Latin America & the Caribbean (IDA & IBRD countries)","TLA","239.038664994107","213.561548760581","179.483245499884","176.346060300323","176.602184518791","178.583899589213","175.912039992571","174.935161318156","172.504008135094","208.495680344698","227.408218459183","#N/A"
"Mortality rate, adult, male (per 1,000 male adults)","SP.DYN.AMRT.MA","Least developed countries: UN classification","LDC","381.026647998349","333.248869583499","279.714042505678","274.475695439967","271.174246471487","265.4848198079","261.392832883834","257.754232424497","254.861967294069","262.308586035677","276.852310455462","#N/A"
"Mortality rate, adult, male (per 1,000 male adults)","SP.DYN.AMRT.MA","Low & middle income","LMY","254.222959541348","236.903864547691","202.644106612756","198.322762691666","192.645348877126","190.430342655668","188.979108296431","185.898218070017","184.101942027674","194.425949509184","213.74128569098","#N/A"
"Mortality rate, adult, male (per 1,000 male adults)","SP.DYN.AMRT.MA","Low income","LIC","407.82087105952","368.635735014102","303.13802396231","299.772839819486","298.286063500009","293.225644665256","290.868445714216","288.854222463788","281.997003500855","290.819989916358","304.711143766286","#N/A"
"Mortality rate, adult, male (per 1,000 male adults)","SP.DYN.AMRT.MA","Lower middle income","LMC","277.364695722939","263.508740983142","227.19934884893","221.068476011042","216.6698108798","212.404675345192","209.577161574401","207.424583167058","206.44195899757","214.200879006324","245.48254587128","#N/A"
"Mortality rate, adult, male (per 1,000 male adults)","SP.DYN.AMRT.MA","Middle East & North Africa","MEA","238.948055161848","191.724191716903","162.899012934558","158.19934087305","154.512216531776","153.799325052073","149.988854409962","145.902606850048","143.150296675456","155.770451371245","156.340808617508","#N/A"
"Mortality rate, adult, male (per 1,000 male adults)","SP.DYN.AMRT.MA","Middle East & North Africa (excluding high income)","MNA","251.349888056934","201.622846624748","180.370237391824","175.088412442266","171.012982452274","170.663625032341","164.412719813916","159.354456510458","156.084967457656","169.100877927391","170.093428593333","#N/A"
"Mortality rate, adult, male (per 1,000 male adults)","SP.DYN.AMRT.MA","Middle East & North Africa (IDA & IBRD countries)","TMN","251.697171127197","201.7372796405","180.858797171022","175.095537747253","171.454378714807","171.103840264772","164.834613015822","159.647859623505","156.475978590977","169.523101615033","170.388869389262","#N/A"
"Mortality rate, adult, male (per 1,000 male adults)","SP.DYN.AMRT.MA","Middle income","MIC","244.830909967478","228.174202667649","194.588681709188","190.008654984004","183.616951295011","181.485008926106","179.934353734267","176.565494664103","175.012944335707","185.273603339606","204.915259754194","#N/A"
"Mortality rate, adult, male (per 1,000 male adults)","SP.DYN.AMRT.MA","North America","NAC","167.442411314008","139.551921967212","126.093067566958","126.677559553963","128.854432087158","132.784041346363","133.708780168567","132.176710509705","131.160916865455","155.757065947197","#N/A","#N/A"
"Mortality rate, adult, male (per 1,000 male adults)","SP.DYN.AMRT.MA","Not classified","INX","#N/A","#N/A","#N/A","#N/A","#N/A","#N/A","#N/A","#N/A","#N/A","#N/A","#N/A","#N/A"
"Mortality rate, adult, male (per 1,000 male adults)","SP.DYN.AMRT.MA","OECD members","OED","170.121929942902","141.693588459295","114.131669479657","112.284460823068","112.857343414575","113.295593971783","112.985983596125","112.507880203603","110.975901317424","132.581061123929","#N/A","#N/A"
"Mortality rate, adult, male (per 1,000 male adults)","SP.DYN.AMRT.MA","Other small states","OSS","296.981701187479","347.660697668372","258.919368448066","250.525671621159","238.570120855548","227.822078124489","220.755716999378","219.211406681068","216.842794618128","229.055844231464","255.45129082186","#N/A"
"Mortality rate, adult, male (per 1,000 male adults)","SP.DYN.AMRT.MA","Pacific island small states","PSS","290.002925627578","263.811779038766","231.149992826125","230.149529032694","233.120427292738","225.934159787986","220.408996308411","218.145748779147","216.288802670652","212.539799782614","214.77601714338","#N/A"
"Mortality rate, adult, male (per 1,000 male adults)","SP.DYN.AMRT.MA","Post-demographic dividend","PST","163.267159977302","142.476071589814","110.997933126464","101.247441126917","101.434960933505","101.27565937015","100.37080285427","99.266205227284","96.3381514137783","111.356790052988","#N/A","#N/A"
"Mortality rate, adult, male (per 1,000 male adults)","SP.DYN.AMRT.MA","Pre-demographic dividend","PRE","422.788899593216","402.8176416147","336.442863533899","332.261803443743","327.879729721524","323.992382707964","319.952314852439","314.405335056165","310.416881614781","321.782580632271","334.51417120052","#N/A"
"Mortality rate, adult, male (per 1,000 male adults)","SP.DYN.AMRT.MA","Small states","SST","276.893250503169","315.684638281378","243.975486497023","238.348739861945","230.596040149916","222.874537489264","217.435152660495","216.658069180902","214.593906686071","223.85448372135","247.937456873597","#N/A"
"Mortality rate, adult, male (per 1,000 male adults)","SP.DYN.AMRT.MA","South Asia","SAS","263.696448994577","243.977537282018","213.514368091398","207.858766001751","202.462961477101","197.912185449373","195.290178071043","193.45728111538","192.538585786093","200.990335785585","241.965432959131","#N/A"
"Mortality rate, adult, male (per 1,000 male adults)","SP.DYN.AMRT.MA","South Asia (IDA & IBRD)","TSA","263.696448994577","243.977537282018","213.514368091398","207.858766001751","202.462961477101","197.912185449373","195.290178071043","193.45728111538","192.538585786093","200.990335785585","241.965432959131","#N/A"
"Mortality rate, adult, male (per 1,000 male adults)","SP.DYN.AMRT.MA","Sub-Saharan Africa","SSF","415.877704259403","418.910045577178","343.997562066102","338.509103276483","333.594205635556","326.665723571193","321.58615904314","317.199574788723","312.392785286967","322.004729469686","338.382966223501","#N/A"
"Mortality rate, adult, male (per 1,000 male adults)","SP.DYN.AMRT.MA","Sub-Saharan Africa (excluding high income)","SSA","415.896475946143","418.931161393498","344.017703790735","338.527981388345","333.612237133788","326.682547901585","321.602328615735","317.215161335608","312.407872882036","322.018720639513","338.395559938028","#N/A"
"Mortality rate, adult, male (per 1,000 male adults)","SP.DYN.AMRT.MA","Sub-Saharan Africa (IDA & IBRD countries)","TSS","415.877704259403","418.910045577178","343.997562066102","338.509103276483","333.594205635556","326.665723571193","321.58615904314","317.199574788723","312.392785286967","322.004729469686","338.382966223501","#N/A"
"Mortality rate, adult, male (per 1,000 male adults)","SP.DYN.AMRT.MA","Upper middle income","UMC","219.481307349698","197.923413981688","162.972691332864","160.034181669951","149.58136013375","149.258218384931","148.626617346262","143.536716339342","140.830815923612","153.399982990053","159.644656350465","#N/A"
"Mortality rate, adult, male (per 1,000 male adults)","SP.DYN.AMRT.MA","World","WLD","234.554798702015","217.392790147305","186.161600673567","182.332619127125","177.465118028284","175.751796102991","174.57957030685","171.986914064584","170.283676576264","182.403699690544","206.345016669394","#N/A"
,"","","","","","","","","","","","","","",""
,"","","","","","","","","","","","","","",""
,"","","","","","","","","","","","","","",""
Data from database: World Development Indicators,"","","","","","","","","","","","","","",""
Last Updated: 10/26/2023,"","","","","","","","","","","","","","",""
